,Any,Codi_Districte,Nom_Districte,Codi_Barri,Nom_Barri,Birth_Rates_Per1000,Num_Deaths,Avg_Household_Income,Index_Gini,AVG_GROSS_INCOME,Immigration_Per1000,Population,Població_16_64_anys,Unemployment_Rate
0,2015,1,Ciutat Vella,1,el Raval,9.1,305.0,10896,36.33809523809524,9950.142857142857,113.2,47150.0,34989.0,11.583333333333334
1,2015,1,Ciutat Vella,2,el Barri Gòtic,6.4,139.0,14456,40.22826086956522,14118.444444444443,142.2,15514.0,11868.0,9.116666666666667
2,2015,1,Ciutat Vella,3,la Barceloneta,6.5,184.0,14714,34.95454545454545,12745.09090909091,103.3,15037.0,10664.0,11.291666666666666
3,2015,1,Ciutat Vella,4,"Sant Pere, Santa Caterina i la Ribera",7.3,163.0,15154,39.51538461538462,14595.076923076924,113.6,22468.0,16736.0,9.958333333333334
4,2015,2,Eixample,5,el Fort Pienc,7.5,304.0,20817,34.019999999999996,19182.3,63.5,31548.0,20875.0,7.633333333333333
5,2015,2,Eixample,6,la Sagrada Família,7.6,533.0,21089,34.04705882352941,18995.382352941175,63.9,51094.0,33914.0,7.7
6,2015,2,Eixample,7,la Dreta de l'Eixample,9.0,487.0,25759,38.05862068965517,26377.172413793105,68.2,43558.0,28600.0,6.008333333333333
7,2015,2,Eixample,8,l'Antiga Esquerra de l'Eixample,8.0,427.0,24252,37.38076923076923,23351.53846153846,70.4,41662.0,27609.0,6.816666666666666
8,2015,2,Eixample,9,la Nova Esquerra de l'Eixample,7.7,585.0,23180,34.802499999999995,21685.625,61.4,57664.0,38012.0,7.333333333333333
9,2015,2,Eixample,10,Sant Antoni,8.7,358.0,20496,35.3125,18631.708333333332,60.3,38031.0,25144.0,7.975
10,2015,3,Sants-Montjuïc,11,el Poble Sec,8.8,350.0,14664,34.5625,13039.041666666666,71.9,40222.0,28124.0,10.475
11,2015,3,Sants-Montjuïc,12,la Marina del Prat Vermell,11.5,16.0,11935,31.3,10176.0,54.2,1122.0,755.0,19.45
12,2015,3,Sants-Montjuïc,13,la Marina de Port,8.0,250.0,16119,30.03529411764706,13490.882352941177,45.1,30237.0,19713.0,11.141666666666666
13,2015,3,Sants-Montjuïc,14,la Font de la Guatlla,6.0,118.0,18850,32.65714285714286,17025.285714285714,73.5,10371.0,6915.0,10.725
14,2015,3,Sants-Montjuïc,15,Hostafrancs,6.7,139.0,18397,34.980000000000004,16197.2,74.5,15758.0,10957.0,8.283333333333333
15,2015,3,Sants-Montjuïc,16,la Bordeta,9.1,189.0,18514,31.023076923076925,16116.692307692309,51.0,18384.0,12073.0,8.816666666666666
16,2015,3,Sants-Montjuïc,17,Sants - Badal,7.6,214.0,18297,32.96875,16243.4375,61.4,24016.0,16032.0,7.491666666666667
17,2015,3,Sants-Montjuïc,18,Sants,8.4,389.0,19987,33.286206896551725,17925.03448275862,61.6,40703.0,27046.0,8.216666666666667
18,2015,4,Les Corts,19,les Corts,8.3,460.0,25740,34.32,24913.85714285714,46.1,46003.0,28815.0,7.858333333333333
19,2015,4,Les Corts,20,la Maternitat i Sant Ramon,8.3,207.0,23709,32.306666666666665,22275.133333333335,56.2,23810.0,14851.0,8.0
20,2015,4,Les Corts,21,Pedralbes,6.5,88.0,33169,37.429813664596274,36129.142857142855,63.3,11716.0,6930.0,3.9
21,2015,5,Sarrià-Sant Gervasi,22,"Vallvidrera, el Tibidabo i les Planes",9.5,48.0,22840,39.06666666666666,24534.666666666668,50.1,4604.0,2944.0,3.775
22,2015,5,Sarrià-Sant Gervasi,23,Sarrià,9.1,253.0,28847,37.844293478260866,32020.75,48.1,24640.0,14738.0,3.966666666666667
23,2015,5,Sarrià-Sant Gervasi,24,les Tres Torres,8.4,131.0,33899,40.79090909090909,37685.63636363636,42.9,16501.0,10025.0,4.325
24,2015,5,Sarrià-Sant Gervasi,25,Sant Gervasi - la Bonanova,8.3,244.0,29681,38.556038647342994,32035.222222222223,48.2,25368.0,15451.0,4.733333333333333
25,2015,5,Sarrià-Sant Gervasi,26,Sant Gervasi - Galvany,8.7,456.0,31298,39.06654978962132,33377.83870967742,48.5,46711.0,28573.0,4.7749999999999995
26,2015,5,Sarrià-Sant Gervasi,27,el Putxet i el Farró,9.7,228.0,26114,36.34736842105264,25382.36842105263,50.0,29024.0,18547.0,6.766666666666667
27,2015,6,Gràcia,28,Vallcarca i els Penitents,8.7,139.0,24090,35.50909090909091,23958.81818181818,42.7,15520.0,9694.0,8.283333333333333
28,2015,6,Gràcia,29,el Coll,7.8,59.0,18934,33.86,16650.2,50.6,7351.0,4825.0,7.016666666666667
29,2015,6,Gràcia,30,la Salut,6.3,146.0,22090,33.21,21566.1,41.8,13220.0,8320.0,7.941666666666666
30,2015,6,Gràcia,31,la Vila de Gràcia,9.7,540.0,20602,35.138888888888886,19265.333333333332,69.4,50441.0,34427.0,7.558333333333334
31,2015,6,Gràcia,32,el Camp d'en Grassot i Gràcia Nova,8.1,337.0,23093,32.684,20915.36,48.4,33913.0,21755.0,7.75
32,2015,7,Horta-Guinardó,33,el Baix Guinardó,7.5,312.0,20216,32.28947368421053,18070.947368421053,47.3,25474.0,16205.0,8.025
33,2015,7,Horta-Guinardó,34,Can Baró,5.7,74.0,18883,32.8,16437.0,45.5,8824.0,5617.0,8.416666666666666
34,2015,7,Horta-Guinardó,35,el Guinardó,9.0,356.0,19816,33.116,17430.56,46.4,35784.0,22860.0,9.166666666666666
35,2015,7,Horta-Guinardó,36,la Font d'en Fargues,8.1,95.0,22559,32.6,21203.285714285714,24.4,9399.0,5765.0,11.058333333333332
36,2015,7,Horta-Guinardó,37,el Carmel,7.8,272.0,14395,29.463636363636365,12069.772727272728,37.0,31449.0,19909.0,10.9
37,2015,7,Horta-Guinardó,38,la Teixonera,7.4,112.0,16003,30.475,13587.125,36.9,11360.0,7365.0,8.808333333333334
38,2015,7,Horta-Guinardó,39,Sant Genís dels Agudells,6.9,96.0,17061,31.44,15147.0,40.1,6721.0,3998.0,9.766666666666667
39,2015,7,Horta-Guinardó,40,Montbau,5.9,112.0,17628,29.375,16614.25,43.9,5041.0,2812.0,10.041666666666666
40,2015,7,Horta-Guinardó,41,la Vall d'Hebron,9.5,43.0,22082,27.6,18652.75,33.6,5467.0,3291.0,9.158333333333331
41,2015,7,Horta-Guinardó,42,la Clota,16.6,0.0,18079,33.8,14838.0,51.6,542.0,364.0,5.791666666666667
42,2015,7,Horta-Guinardó,43,Horta,7.3,299.0,18285,31.033333333333335,16767.04761904762,37.3,26469.0,16278.0,11.158333333333331
43,2015,8,Nou Barris,44,Vilapicina i la Torre Llobeta,7.8,230.0,18294,31.0,16005.578947368422,39.4,25444.0,15943.0,10.641666666666667
44,2015,8,Nou Barris,45,Porta,8.0,263.0,16518,30.63888888888889,14240.833333333334,41.4,24299.0,14840.0,11.2
45,2015,8,Nou Barris,46,el Turó de la Peira,8.7,191.0,13602,31.410000000000004,11668.8,49.3,15328.0,9411.0,11.2
46,2015,8,Nou Barris,47,Can Peguera,7.4,36.0,12002,34.45,10037.5,18.0,2275.0,1425.0,10.291666666666666
47,2015,8,Nou Barris,48,la Guineueta,7.1,180.0,18285,26.818181818181817,15688.181818181818,28.8,15097.0,8725.0,13.641666666666666
48,2015,8,Nou Barris,49,Canyelles,7.3,59.0,17003,26.139999999999997,14766.0,23.2,6952.0,4376.0,13.266666666666666
49,2015,8,Nou Barris,50,les Roquetes,10.3,112.0,12593,31.94,10386.9,54.6,15400.0,10092.0,12.475
50,2015,8,Nou Barris,51,Verdun,9.5,105.0,13519,31.7,11263.5,48.5,12226.0,7655.0,12.608333333333334
51,2015,8,Nou Barris,52,la Prosperitat,8.5,239.0,15152,30.045,12743.4,40.8,25974.0,15785.0,11.85
52,2015,8,Nou Barris,53,la Trinitat Nova,9.5,118.0,11206,31.94,9327.0,51.8,7335.0,4728.0,17.625
53,2015,8,Nou Barris,54,Torre Baró,12.4,21.0,10912,32.9,8510.0,51.7,2734.0,1834.0,12.558333333333332
54,2015,8,Nou Barris,55,Ciutat Meridiana,10.4,67.0,10203,34.56666666666667,8591.166666666666,58.5,10239.0,6609.0,18.166666666666668
55,2015,8,Nou Barris,56,Vallbona,8.9,35.0,10768,33.7,9295.0,54.6,1334.0,838.0,16.641666666666666
56,2015,9,Sant Andreu,57,la Trinitat Vella,9.5,62.0,11305,33.239999999999995,9857.8,68.9,10068.0,6769.0,16.441666666666666
57,2015,9,Sant Andreu,58,Baró de Viver,12.0,25.0,11217,33.45,8980.0,44.3,2482.0,1625.0,9.766666666666667
58,2015,9,Sant Andreu,59,el Bon Pastor,8.7,99.0,14361,30.6,12449.857142857143,46.1,12560.0,7925.0,11.366666666666667
59,2015,9,Sant Andreu,60,Sant Andreu,8.5,473.0,20177,29.012820512820515,17549.28205128205,32.0,56491.0,36430.0,10.0
60,2015,9,Sant Andreu,61,la Sagrera,7.8,268.0,18638,29.67,16303.45,40.7,28899.0,18738.0,8.95
61,2015,9,Sant Andreu,62,el Congrés i els Indians,8.4,132.0,18536,31.877777777777776,16157.333333333334,40.3,14046.0,8740.0,9.341666666666669
62,2015,9,Sant Andreu,63,Navas,8.1,203.0,19020,30.9,16588.615384615383,42.4,21966.0,13914.0,9.025
63,2015,10,Sant Martí,64,el Camp de l'Arpa del Clot,8.4,355.0,19561,32.496,17321.12,51.0,38168.0,24914.0,9.45
64,2015,10,Sant Martí,65,el Clot,7.7,203.0,19157,31.294117647058822,16824.0,45.1,26932.0,18149.0,8.891666666666667
65,2015,10,Sant Martí,66,el Parc i la Llacuna del Poblenou,11.0,107.0,19663,33.28888888888889,18127.555555555555,60.5,14713.0,10094.0,7.716666666666666
66,2015,10,Sant Martí,67,la Vila Olímpica del Poblenou,10.0,22.0,30058,34.96,29141.0,51.8,9331.0,6516.0,7.783333333333334
67,2015,10,Sant Martí,68,el Poblenou,9.6,289.0,20371,32.72,17959.0,47.9,33437.0,22209.0,7.875
68,2015,10,Sant Martí,69,Diagonal Mar i el Front Marítim del Poblenou,13.4,58.0,23274,32.41428571428571,20526.285714285714,50.3,13374.0,8652.0,9.816666666666666
69,2015,10,Sant Martí,70,el Besòs i el Maresme,8.3,187.0,12474,32.15384615384615,10901.76923076923,68.8,22844.0,15140.0,12.833333333333334
70,2015,10,Sant Martí,71,Provençals del Poblenou,9.1,185.0,18642,30.683333333333337,15648.25,46.6,20163.0,13615.0,9.391666666666667
71,2015,10,Sant Martí,72,Sant Martí de Provençals,7.9,291.0,17613,28.327777777777776,15257.0,36.9,25971.0,15814.0,11.216666666666669
72,2015,10,Sant Martí,73,la Verneda i la Pau,7.8,319.0,16022,28.69047619047619,13831.52380952381,38.0,28727.0,17428.0,11.516666666666666
73,2016,1,Ciutat Vella,1,el Raval,9.6,281.0,10980,36.26190476190476,10226.47619047619,105.5,47196.0,35173.0,10.4
74,2016,1,Ciutat Vella,2,el Barri Gòtic,6.2,103.0,14411,42.422222222222224,14445.555555555557,140.7,15729.0,12088.0,7.675
75,2016,1,Ciutat Vella,3,la Barceloneta,6.1,182.0,14618,35.22727272727273,13178.272727272728,103.0,15068.0,10802.0,10.191666666666666
76,2016,1,Ciutat Vella,4,"Sant Pere, Santa Caterina i la Ribera",7.7,183.0,15930,40.08461538461539,15176.53846153846,106.5,22380.0,16757.0,9.1
77,2016,2,Eixample,5,el Fort Pienc,8.0,327.0,21374,34.410000000000004,19654.25,62.9,31693.0,20956.0,6.491666666666667
78,2016,2,Eixample,6,la Sagrada Família,7.7,503.0,21396,34.60588235294117,19436.852941176472,61.4,51354.0,34076.0,6.691666666666666
79,2016,2,Eixample,7,la Dreta de l'Eixample,8.3,473.0,27633,38.48620689655172,27535.0,67.4,43692.0,28742.0,5.2749999999999995
80,2016,2,Eixample,8,l'Antiga Esquerra de l'Eixample,7.7,425.0,25179,37.56923076923077,24038.03846153846,69.5,41895.0,27813.0,5.891666666666667
81,2016,2,Eixample,9,la Nova Esquerra de l'Eixample,7.8,527.0,23846,35.1125,22205.475,60.4,57699.0,37901.0,6.5
82,2016,2,Eixample,10,Sant Antoni,7.2,351.0,21237,35.333333333333336,19250.875,56.2,38235.0,25240.0,7.033333333333334
83,2016,3,Sants-Montjuïc,11,el Poble Sec,9.3,325.0,14939,34.6625,13446.166666666666,68.1,40129.0,28202.0,9.191666666666668
84,2016,3,Sants-Montjuïc,12,la Marina del Prat Vermell,13.9,17.0,11811,30.8,10647.0,30.6,1146.0,768.0,17.141666666666666
85,2016,3,Sants-Montjuïc,13,la Marina de Port,7.7,248.0,16379,30.0,13873.235294117649,42.8,30397.0,19856.0,9.816666666666666
86,2016,3,Sants-Montjuïc,14,la Font de la Guatlla,8.1,102.0,19034,32.457142857142856,17302.0,58.2,10316.0,6865.0,9.508333333333333
87,2016,3,Sants-Montjuïc,15,Hostafrancs,9.6,134.0,18533,34.85,16628.8,64.3,15915.0,11001.0,7.3
88,2016,3,Sants-Montjuïc,16,la Bordeta,7.6,168.0,18743,31.084615384615383,16610.69230769231,47.9,18518.0,12084.0,7.8
89,2016,3,Sants-Montjuïc,17,Sants - Badal,6.8,197.0,18417,33.10625,16142.8125,57.1,23935.0,15916.0,6.491666666666667
90,2016,3,Sants-Montjuïc,18,Sants,9.3,366.0,20419,33.40689655172414,18439.0,56.9,40831.0,27169.0,7.158333333333334
91,2016,4,Les Corts,19,les Corts,7.9,429.0,27108,34.91428571428571,26004.714285714286,44.5,45976.0,28488.0,6.958333333333333
92,2016,4,Les Corts,20,la Maternitat i Sant Ramon,7.7,198.0,24796,32.99333333333333,23014.533333333333,50.7,23868.0,14728.0,6.933333333333334
93,2016,4,Les Corts,21,Pedralbes,7.0,114.0,35765,43.028571428571425,37804.857142857145,61.9,11864.0,6950.0,3.341666666666667
94,2016,5,Sarrià-Sant Gervasi,22,"Vallvidrera, el Tibidabo i les Planes",8.2,53.0,25561,38.63333333333333,25693.666666666668,32.3,4641.0,3002.0,3.225
95,2016,5,Sarrià-Sant Gervasi,23,Sarrià,9.5,254.0,30410,39.44375,33069.375,45.6,24810.0,14815.0,3.4
96,2016,5,Sarrià-Sant Gervasi,24,les Tres Torres,9.1,140.0,37501,42.13636363636363,39586.0,37.1,16486.0,9862.0,3.8166666666666664
97,2016,5,Sarrià-Sant Gervasi,25,Sant Gervasi - la Bonanova,7.9,274.0,31631,40.400000000000006,33697.444444444445,43.7,25761.0,15679.0,4.175
98,2016,5,Sarrià-Sant Gervasi,26,Sant Gervasi - Galvany,8.8,403.0,33728,41.10645161290322,34731.22580645161,48.1,47156.0,29005.0,4.116666666666666
99,2016,5,Sarrià-Sant Gervasi,27,el Putxet i el Farró,9.6,229.0,27697,36.60526315789474,26551.0,43.2,29318.0,18723.0,5.825
100,2016,6,Gràcia,28,Vallcarca i els Penitents,9.1,151.0,24880,35.50909090909091,23755.909090909092,43.5,15629.0,9644.0,7.108333333333333
101,2016,6,Gràcia,29,el Coll,10.2,61.0,19149,33.160000000000004,17034.8,44.9,7391.0,4844.0,5.925
102,2016,6,Gràcia,30,la Salut,7.9,132.0,22791,33.03,21910.0,46.4,13123.0,8181.0,7.0
103,2016,6,Gràcia,31,la Vila de Gràcia,9.5,469.0,21289,35.21944444444445,19812.277777777777,60.3,50670.0,34554.0,6.616666666666667
104,2016,6,Gràcia,32,el Camp d'en Grassot i Gràcia Nova,9.3,357.0,23696,32.744,21528.6,43.9,34275.0,21992.0,6.741666666666667
105,2016,7,Horta-Guinardó,33,el Baix Guinardó,8.4,367.0,20563,32.02105263157895,18396.947368421053,41.4,25563.0,16328.0,7.016666666666667
106,2016,7,Horta-Guinardó,34,Can Baró,8.1,90.0,18887,33.42857142857143,16829.14285714286,41.7,8969.0,5755.0,7.091666666666666
107,2016,7,Horta-Guinardó,35,el Guinardó,8.9,344.0,20242,33.056,17864.08,44.9,36176.0,23144.0,8.025
108,2016,7,Horta-Guinardó,36,la Font d'en Fargues,7.8,85.0,23984,32.65714285714286,22263.714285714286,21.4,9402.0,5746.0,9.783333333333331
109,2016,7,Horta-Guinardó,37,el Carmel,8.9,276.0,14729,29.722727272727273,12465.90909090909,36.7,31377.0,19883.0,9.65
110,2016,7,Horta-Guinardó,38,la Teixonera,8.4,98.0,16831,30.75,14041.625,47.5,11281.0,7287.0,7.85
111,2016,7,Horta-Guinardó,39,Sant Genís dels Agudells,6.9,77.0,16953,30.839999999999996,15221.8,51.5,6695.0,4083.0,8.433333333333334
112,2016,7,Horta-Guinardó,40,Montbau,7.3,94.0,17624,30.025,16750.0,45.7,5053.0,2900.0,8.591666666666667
113,2016,7,Horta-Guinardó,41,la Vall d'Hebron,7.2,62.0,22389,28.5,19386.25,37.1,5687.0,3442.0,7.708333333333333
114,2016,7,Horta-Guinardó,42,la Clota,3.4,6.0,19888,30.8,16687.0,39.4,590.0,411.0,4.5
115,2016,7,Horta-Guinardó,43,Horta,8.4,304.0,18757,30.804761904761904,17244.285714285714,36.5,26597.0,16273.0,9.875
116,2016,8,Nou Barris,44,Vilapicina i la Torre Llobeta,7.0,270.0,18627,31.04736842105263,16326.052631578948,37.4,25522.0,15927.0,9.4
117,2016,8,Nou Barris,45,Porta,8.8,240.0,16664,30.772222222222226,14490.777777777776,47.5,24567.0,15116.0,9.675
118,2016,8,Nou Barris,46,el Turó de la Peira,8.2,176.0,13824,31.639999999999997,11985.3,46.6,15334.0,9561.0,9.725
119,2016,8,Nou Barris,47,Can Peguera,5.7,21.0,12560,33.900000000000006,10534.0,30.1,2255.0,1382.0,9.391666666666667
120,2016,8,Nou Barris,48,la Guineueta,7.8,142.0,18595,26.60909090909091,15989.0,30.8,15050.0,8691.0,12.125
121,2016,8,Nou Barris,49,Canyelles,6.6,58.0,17230,25.660000000000004,15313.6,18.6,6925.0,4297.0,11.941666666666668
122,2016,8,Nou Barris,50,les Roquetes,10.3,114.0,12759,32.0,10647.7,55.3,15410.0,10145.0,10.991666666666667
123,2016,8,Nou Barris,51,Verdun,9.2,117.0,13782,31.675,11510.625,46.9,12261.0,7733.0,11.05
124,2016,8,Nou Barris,52,la Prosperitat,7.8,252.0,15147,29.985000000000003,12934.7,41.9,26184.0,15863.0,10.375
125,2016,8,Nou Barris,53,la Trinitat Nova,9.3,102.0,11514,31.4,9739.4,47.5,7259.0,4717.0,15.716666666666669
126,2016,8,Nou Barris,54,Torre Baró,10.7,13.0,10849,32.25,8714.0,44.7,2795.0,1871.0,10.95
127,2016,8,Nou Barris,55,Ciutat Meridiana,10.4,60.0,10457,34.11666666666667,8588.0,62.3,10055.0,6463.0,16.525
128,2016,8,Nou Barris,56,Vallbona,10.3,25.0,10836,32.3,9551.0,48.0,1354.0,846.0,14.658333333333331
129,2016,9,Sant Andreu,57,la Trinitat Vella,10.7,57.0,11500,32.7,10221.4,54.3,10048.0,6733.0,14.7
130,2016,9,Sant Andreu,58,Baró de Viver,10.7,25.0,11602,32.2,9528.5,33.5,2511.0,1653.0,8.391666666666667
131,2016,9,Sant Andreu,59,el Bon Pastor,8.1,98.0,14609,30.214285714285715,12835.285714285714,38.4,12594.0,7990.0,9.858333333333333
132,2016,9,Sant Andreu,60,Sant Andreu,8.5,463.0,20622,29.025641025641026,17989.0,30.8,56695.0,36349.0,8.75
133,2016,9,Sant Andreu,61,la Sagrera,8.8,239.0,19209,30.325,16765.6,40.9,28804.0,18434.0,8.008333333333333
134,2016,9,Sant Andreu,62,el Congrés i els Indians,8.4,178.0,18948,31.433333333333337,16523.555555555555,39.1,14051.0,8807.0,8.141666666666667
135,2016,9,Sant Andreu,63,Navas,7.9,197.0,19436,31.26153846153846,17169.615384615383,41.3,22097.0,13939.0,7.941666666666666
136,2016,10,Sant Martí,64,el Camp de l'Arpa del Clot,8.0,373.0,20036,32.751999999999995,17855.68,49.7,38130.0,24890.0,8.35
137,2016,10,Sant Martí,65,el Clot,7.0,200.0,19773,31.423529411764708,17365.58823529412,43.0,26928.0,18072.0,7.925
138,2016,10,Sant Martí,66,el Parc i la Llacuna del Poblenou,9.2,120.0,20082,33.077777777777776,18631.222222222223,57.6,14859.0,10160.0,6.866666666666667
139,2016,10,Sant Martí,67,la Vila Olímpica del Poblenou,9.5,30.0,30840,34.06,29254.0,41.8,9346.0,6512.0,7.0
140,2016,10,Sant Martí,68,el Poblenou,10.4,269.0,20828,32.945,18456.05,48.2,33623.0,22384.0,7.0
141,2016,10,Sant Martí,69,Diagonal Mar i el Front Marítim del Poblenou,14.0,65.0,24150,32.58571428571428,21220.14285714286,49.9,13416.0,8657.0,8.441666666666666
142,2016,10,Sant Martí,70,el Besòs i el Maresme,7.9,200.0,12392,31.1,11208.076923076924,69.2,22783.0,14986.0,11.15
143,2016,10,Sant Martí,71,Provençals del Poblenou,8.3,132.0,19201,30.85,16362.333333333334,39.5,20381.0,13815.0,8.191666666666666
144,2016,10,Sant Martí,72,Sant Martí de Provençals,7.1,269.0,17821,28.305555555555557,15618.666666666666,39.8,26031.0,15889.0,9.925
145,2016,10,Sant Martí,73,la Verneda i la Pau,8.2,303.0,16310,28.366666666666667,14220.09523809524,35.1,28673.0,17329.0,10.291666666666666
146,2017,1,Ciutat Vella,1,el Raval,10.5,326.0,11407,35.44761904761905,10834.047619047618,113.4,47901.0,35744.0,9.516666666666667
147,2017,1,Ciutat Vella,2,el Barri Gòtic,6.7,119.0,14766,40.922222222222224,15350.444444444443,167.2,16240.0,12570.0,6.966666666666666
148,2017,1,Ciutat Vella,3,la Barceloneta,6.7,166.0,15064,34.82727272727273,13831.0,117.2,15101.0,10968.0,9.191666666666666
149,2017,1,Ciutat Vella,4,"Sant Pere, Santa Caterina i la Ribera",7.9,162.0,16461,39.0,16026.923076923076,121.6,22923.0,17293.0,8.033333333333333
150,2017,2,Eixample,5,el Fort Pienc,7.2,328.0,21495,33.730000000000004,20499.45,69.8,32137.0,21326.0,6.008333333333333
151,2017,2,Eixample,6,la Sagrada Família,7.5,529.0,21465,33.938235294117646,20013.147058823528,69.6,51658.0,34357.0,6.075
152,2017,2,Eixample,7,la Dreta de l'Eixample,7.8,495.0,28119,38.06551724137931,28388.103448275862,72.6,44224.0,29162.0,4.641666666666667
153,2017,2,Eixample,8,l'Antiga Esquerra de l'Eixample,8.0,442.0,25944,37.2,25119.07692307692,81.9,42444.0,28435.0,5.25
154,2017,2,Eixample,9,la Nova Esquerra de l'Eixample,7.9,565.0,24050,34.542500000000004,22936.6,69.8,58337.0,38310.0,5.833333333333333
155,2017,2,Eixample,10,Sant Antoni,7.8,360.0,21627,34.69166666666667,19925.333333333332,64.9,38470.0,25525.0,6.358333333333333
156,2017,3,Sants-Montjuïc,11,el Poble Sec,8.2,364.0,15082,34.06666666666667,14070.541666666666,76.7,40385.0,28466.0,8.091666666666667
157,2017,3,Sants-Montjuïc,12,la Marina del Prat Vermell,10.4,11.0,12703,30.5,11299.0,27.8,1151.0,780.0,14.7
158,2017,3,Sants-Montjuïc,13,la Marina de Port,7.7,269.0,16244,28.88823529411765,14217.411764705885,49.0,30622.0,20095.0,8.725
159,2017,3,Sants-Montjuïc,14,la Font de la Guatlla,6.9,145.0,19147,32.028571428571425,18134.571428571428,62.1,10422.0,6928.0,8.4
160,2017,3,Sants-Montjuïc,15,Hostafrancs,8.9,151.0,18736,34.12,17182.6,72.8,15949.0,10996.0,6.633333333333333
161,2017,3,Sants-Montjuïc,16,la Bordeta,8.4,167.0,18996,29.915384615384617,17223.615384615383,50.9,18561.0,12099.0,7.008333333333333
162,2017,3,Sants-Montjuïc,17,Sants - Badal,8.5,225.0,18434,32.449999999999996,16613.4375,61.5,24047.0,15888.0,5.675
163,2017,3,Sants-Montjuïc,18,Sants,8.1,411.0,20268,32.755172413793105,18968.48275862069,69.0,41244.0,27428.0,6.308333333333334
164,2017,4,Les Corts,19,les Corts,8.1,446.0,27393,34.31142857142857,26558.657142857144,49.4,46104.0,28485.0,6.2
165,2017,4,Les Corts,20,la Maternitat i Sant Ramon,8.6,199.0,24875,32.486666666666665,23537.933333333334,55.7,23980.0,14686.0,6.075
166,2017,4,Les Corts,21,Pedralbes,5.2,112.0,35710,41.3,38892.57142857143,63.2,12117.0,7084.0,3.0500000000000003
167,2017,5,Sarrià-Sant Gervasi,22,"Vallvidrera, el Tibidabo i les Planes",7.9,46.0,25748,38.0,26301.333333333332,40.0,4689.0,3082.0,2.908333333333333
168,2017,5,Sarrià-Sant Gervasi,23,Sarrià,9.2,244.0,31906,38.95,34629.3125,48.2,25106.0,15018.0,3.091666666666667
169,2017,5,Sarrià-Sant Gervasi,24,les Tres Torres,8.0,144.0,38449,41.27272727272727,40946.818181818184,42.1,16699.0,10052.0,3.4583333333333335
170,2017,5,Sarrià-Sant Gervasi,25,Sant Gervasi - la Bonanova,7.7,242.0,33774,38.97777777777778,35277.61111111111,45.8,25909.0,15690.0,3.7416666666666663
171,2017,5,Sarrià-Sant Gervasi,26,Sant Gervasi - Galvany,8.4,422.0,35409,40.751612903225805,36166.93548387097,51.0,47816.0,29542.0,3.65
172,2017,5,Sarrià-Sant Gervasi,27,el Putxet i el Farró,8.9,230.0,28651,36.09473684210526,27341.105263157893,51.4,29515.0,18883.0,5.166666666666667
173,2017,6,Gràcia,28,Vallcarca i els Penitents,8.3,158.0,24798,34.74545454545454,23899.0,48.9,15821.0,9744.0,6.483333333333333
174,2017,6,Gràcia,29,el Coll,6.8,55.0,19541,33.3,17621.8,50.1,7428.0,4839.0,5.45
175,2017,6,Gràcia,30,la Salut,7.8,132.0,23387,33.08,22681.0,55.5,13207.0,8170.0,6.441666666666666
176,2017,6,Gràcia,31,la Vila de Gràcia,9.4,478.0,21694,34.52777777777778,20746.13888888889,70.8,50885.0,34792.0,6.016666666666667
177,2017,6,Gràcia,32,el Camp d'en Grassot i Gràcia Nova,8.5,338.0,23771,32.376,22376.04,52.1,34431.0,22017.0,6.075
178,2017,7,Horta-Guinardó,33,el Baix Guinardó,7.4,322.0,20371,31.336842105263155,18822.157894736843,50.0,25734.0,16435.0,6.316666666666666
179,2017,7,Horta-Guinardó,34,Can Baró,8.7,100.0,19354,32.57142857142857,17356.714285714286,52.5,9020.0,5811.0,6.5
180,2017,7,Horta-Guinardó,35,el Guinardó,8.7,316.0,20168,32.54,18313.56,50.3,36538.0,23398.0,7.116666666666667
181,2017,7,Horta-Guinardó,36,la Font d'en Fargues,6.2,81.0,23886,31.785714285714285,22366.14285714286,30.1,9390.0,5723.0,8.924999999999999
182,2017,7,Horta-Guinardó,37,el Carmel,8.2,262.0,14811,29.3,12762.318181818182,44.8,31583.0,20018.0,8.700000000000001
183,2017,7,Horta-Guinardó,38,la Teixonera,7.6,122.0,16516,30.3375,14399.25,44.0,11634.0,7535.0,6.9750000000000005
184,2017,7,Horta-Guinardó,39,Sant Genís dels Agudells,8.0,96.0,17484,30.52,15686.0,56.3,6828.0,4202.0,7.583333333333333
185,2017,7,Horta-Guinardó,40,Montbau,8.4,123.0,17576,29.65,17010.5,50.1,5108.0,2976.0,7.708333333333333
186,2017,7,Horta-Guinardó,41,la Vall d'Hebron,5.5,58.0,21613,28.25,19869.0,32.3,5792.0,3534.0,6.925
187,2017,7,Horta-Guinardó,42,la Clota,21.0,0.0,19162,31.7,16165.0,63.9,611.0,431.0,3.9583333333333335
188,2017,7,Horta-Guinardó,43,Horta,7.1,297.0,18846,30.31904761904762,17880.52380952381,42.1,26743.0,16402.0,8.85
189,2017,8,Nou Barris,44,Vilapicina i la Torre Llobeta,7.8,273.0,18415,30.73157894736842,16599.157894736843,41.2,25618.0,15960.0,8.424999999999999
190,2017,8,Nou Barris,45,Porta,8.8,281.0,16368,30.116666666666667,14671.0,55.9,25046.0,15395.0,8.533333333333333
191,2017,8,Nou Barris,46,el Turó de la Peira,11.2,200.0,13658,30.98,12176.2,56.7,15466.0,9773.0,8.616666666666665
192,2017,8,Nou Barris,47,Can Peguera,5.7,34.0,12507,31.75,10678.5,25.0,2273.0,1403.0,8.375
193,2017,8,Nou Barris,48,la Guineueta,5.7,177.0,18477,25.99090909090909,16400.272727272728,32.3,15247.0,8839.0,10.916666666666666
194,2017,8,Nou Barris,49,Canyelles,7.1,69.0,17173,25.32,15392.6,20.4,6863.0,4206.0,11.183333333333332
195,2017,8,Nou Barris,50,les Roquetes,10.9,112.0,12855,31.3,10967.1,59.0,15631.0,10283.0,9.933333333333334
196,2017,8,Nou Barris,51,Verdun,7.9,126.0,13742,31.0,11770.875,53.9,12368.0,7813.0,10.025
197,2017,8,Nou Barris,52,la Prosperitat,9.5,272.0,15154,29.76,13245.2,45.7,26415.0,16070.0,9.191666666666666
198,2017,8,Nou Barris,53,la Trinitat Nova,9.0,79.0,11843,30.0,10068.4,63.0,7271.0,4773.0,13.816666666666668
199,2017,8,Nou Barris,54,Torre Baró,9.8,21.0,11092,31.450000000000003,9125.5,33.2,2859.0,1922.0,9.45
200,2017,8,Nou Barris,55,Ciutat Meridiana,9.8,74.0,10554,32.833333333333336,8718.833333333334,81.0,10369.0,6674.0,14.191666666666668
201,2017,8,Nou Barris,56,Vallbona,11.6,25.0,11191,32.0,9757.0,50.2,1379.0,869.0,12.658333333333331
202,2017,9,Sant Andreu,57,la Trinitat Vella,12.0,57.0,11784,32.160000000000004,10418.8,67.6,10006.0,6687.0,13.133333333333333
203,2017,9,Sant Andreu,58,Baró de Viver,9.4,22.0,11492,30.35,9753.5,36.2,2539.0,1669.0,7.408333333333334
204,2017,9,Sant Andreu,59,el Bon Pastor,10.0,125.0,14811,29.442857142857143,13192.42857142857,52.3,12582.0,7975.0,8.808333333333334
205,2017,9,Sant Andreu,60,Sant Andreu,8.0,508.0,20478,28.343589743589742,18391.48717948718,34.3,57223.0,36467.0,7.808333333333334
206,2017,9,Sant Andreu,61,la Sagrera,7.9,251.0,19080,29.369999999999997,17209.3,46.5,29127.0,18520.0,7.116666666666667
207,2017,9,Sant Andreu,62,el Congrés i els Indians,8.6,150.0,18907,30.91111111111111,16984.444444444445,42.7,14141.0,8949.0,7.175
208,2017,9,Sant Andreu,63,Navas,8.1,205.0,19321,30.56153846153846,17571.69230769231,44.6,22171.0,14054.0,7.033333333333334
209,2017,10,Sant Martí,64,el Camp de l'Arpa del Clot,8.0,339.0,20076,32.14,18220.24,57.6,38247.0,25027.0,7.666666666666667
210,2017,10,Sant Martí,65,el Clot,7.6,229.0,19512,30.594117647058823,17740.882352941175,48.1,27089.0,18138.0,7.183333333333334
211,2017,10,Sant Martí,66,el Parc i la Llacuna del Poblenou,10.1,102.0,20237,32.400000000000006,19388.444444444445,63.3,15202.0,10394.0,6.075
212,2017,10,Sant Martí,67,la Vila Olímpica del Poblenou,6.7,34.0,30425,33.44,29862.0,43.7,9404.0,6551.0,6.2749999999999995
213,2017,10,Sant Martí,68,el Poblenou,9.3,282.0,21051,32.394999999999996,19217.8,52.1,33933.0,22610.0,6.266666666666667
214,2017,10,Sant Martí,69,Diagonal Mar i el Front Marítim del Poblenou,11.8,67.0,23277,32.357142857142854,22508.0,57.2,13670.0,8853.0,7.591666666666666
215,2017,10,Sant Martí,70,el Besòs i el Maresme,9.4,183.0,12433,30.284615384615385,11462.923076923076,87.6,23063.0,15224.0,10.058333333333334
216,2017,10,Sant Martí,71,Provençals del Poblenou,9.0,174.0,19199,30.358333333333334,16919.083333333332,47.5,20519.0,13873.0,7.458333333333333
217,2017,10,Sant Martí,72,Sant Martí de Provençals,7.5,289.0,17766,27.866666666666667,16065.166666666666,41.0,26187.0,16078.0,9.016666666666667
218,2017,10,Sant Martí,73,la Verneda i la Pau,7.9,334.0,16226,27.74761904761905,14427.238095238095,43.2,28725.0,17390.0,9.416666666666666
219,2018,1,Ciutat Vella,1,el Raval,9.28687058021641,262.0,11736,35.30952380952381,11238.09523809524,121.389622561131,47514.0,35577.0,9.091666666666669
220,2018,1,Ciutat Vella,2,el Barri Gòtic,7.53093060785368,109.0,15752,40.72222222222222,15882.444444444443,206.323590938976,17035.0,13388.0,6.541666666666667
221,2018,1,Ciutat Vella,3,la Barceloneta,5.56347106316575,149.0,15680,34.68181818181818,14431.09090909091,114.051156794898,14893.0,10928.0,8.766666666666667
222,2018,1,Ciutat Vella,4,"Sant Pere, Santa Caterina i la Ribera",6.54825977753857,136.0,17397,38.84615384615385,16840.30769230769,127.063150340868,22605.0,17084.0,7.741666666666667
223,2018,2,Eixample,5,el Fort Pienc,8.36413758536433,309.0,21983,33.08,21270.55,75.4651964162646,32170.0,21304.0,5.658333333333334
224,2018,2,Eixample,6,la Sagrada Família,7.42183695334567,527.0,21812,33.94117647058823,20864.970588235297,74.2378494204734,51661.0,34381.0,5.633333333333333
225,2018,2,Eixample,7,la Dreta de l'Eixample,7.73320444659256,476.0,28243,38.244827586206895,29393.655172413793,75.3296968860043,43853.0,28960.0,4.333333333333333
226,2018,2,Eixample,8,l'Antiga Esquerra de l'Eixample,7.70342980397734,394.0,26448,37.419230769230765,26336.884615384617,86.0176823342577,42534.0,28563.0,4.991666666666666
227,2018,2,Eixample,9,la Nova Esquerra de l'Eixample,7.27253882430168,556.0,24358,34.6,24023.65,67.5430565392389,58265.0,38127.0,5.45
228,2018,2,Eixample,10,Sant Antoni,8.84746652664741,376.0,21586,34.295833333333334,20493.083333333332,69.2832764505119,38356.0,25468.0,5.958333333333333
229,2018,3,Sants-Montjuïc,11,el Poble Sec,8.50202429149797,344.0,15525,34.104166666666664,14590.083333333334,84.2105263157895,39801.0,28154.0,7.7
230,2018,3,Sants-Montjuïc,12,la Marina del Prat Vermell,12.0898100172712,17.0,12442,31.1,11622.0,45.7685664939551,1161.0,784.0,13.225
231,2018,3,Sants-Montjuïc,13,la Marina de Port,6.84931506849315,304.0,16405,28.935294117647057,14734.35294117647,55.4468362687541,30751.0,20134.0,8.291666666666666
232,2018,3,Sants-Montjuïc,14,la Font de la Guatlla,5.46768209334114,94.0,19582,31.657142857142855,18791.714285714286,68.2483889865261,10307.0,6837.0,8.0
233,2018,3,Sants-Montjuïc,15,Hostafrancs,8.93925086559647,134.0,18934,33.82,17755.9,81.2716399118665,15969.0,10997.0,6.366666666666667
234,2018,3,Sants-Montjuïc,16,la Bordeta,7.73127166089043,171.0,19406,29.846153846153847,17804.846153846152,60.2505998400427,18833.0,12230.0,6.733333333333333
235,2018,3,Sants-Montjuïc,17,Sants - Badal,8.4862672965177,215.0,19106,32.2375,17454.875,68.8098323648677,24018.0,15846.0,5.491666666666667
236,2018,3,Sants-Montjuïc,18,Sants,8.30863417715369,343.0,20991,32.203448275862065,19900.241379310344,78.4704338953404,41370.0,27531.0,6.066666666666666
237,2018,4,Les Corts,19,les Corts,7.81471081216396,437.0,27616,34.15142857142857,27754.314285714285,52.4391040292562,46152.0,28255.0,5.966666666666666
238,2018,4,Les Corts,20,la Maternitat i Sant Ramon,7.41951710261569,209.0,25043,32.14666666666667,24543.733333333337,57.9728370221328,23984.0,14546.0,5.916666666666667
239,2018,4,Les Corts,21,Pedralbes,6.52173913043478,106.0,36589,42.01428571428572,41812.857142857145,54.4314381270903,12046.0,7068.0,3.0749999999999997
240,2018,5,Sarrià-Sant Gervasi,22,"Vallvidrera, el Tibidabo i les Planes",8.51426138782461,36.0,25513,38.43333333333333,28890.333333333332,30.2256279267773,4710.0,3078.0,2.983333333333333
241,2018,5,Sarrià-Sant Gervasi,23,Sarrià,8.20820820820821,257.0,33548,40.04375,37605.1875,48.4884884884885,25116.0,14988.0,3.141666666666667
242,2018,5,Sarrià-Sant Gervasi,24,les Tres Torres,6.90441882804995,147.0,39328,41.190909090909095,44296.90909090909,43.7079731027858,16713.0,10016.0,3.5500000000000003
243,2018,5,Sarrià-Sant Gervasi,25,Sant Gervasi - la Bonanova,7.12200817279626,266.0,34151,39.333333333333336,37586.833333333336,51.4886164623468,25889.0,15689.0,3.525
244,2018,5,Sarrià-Sant Gervasi,26,Sant Gervasi - Galvany,8.04723284447619,431.0,35891,41.18709677419355,38786.096774193546,49.1868722948271,47819.0,29571.0,3.4916666666666667
245,2018,5,Sarrià-Sant Gervasi,27,el Putxet i el Farró,8.54411066657625,227.0,28809,35.305263157894736,28765.105263157893,50.1457923645487,29590.0,18879.0,4.875
246,2018,6,Gràcia,28,Vallcarca i els Penitents,8.11984641530811,159.0,24907,34.36363636363637,25052.636363636364,44.6906275571222,15985.0,9886.0,5.991666666666667
247,2018,6,Gràcia,29,el Coll,6.59754948162111,70.0,19625,33.32,18414.6,48.875723710785,7460.0,4875.0,5.058333333333334
248,2018,6,Gràcia,30,la Salut,8.0230093854072,156.0,23503,32.8,23568.3,51.544050862852,13260.0,8192.0,6.2749999999999995
249,2018,6,Gràcia,31,la Vila de Gràcia,10.1183810590306,461.0,22487,34.38333333333333,21778.833333333332,69.588865781475,50421.0,34562.0,5.7250000000000005
250,2018,6,Gràcia,32,el Camp d'en Grassot i Gràcia Nova,7.77465115604421,333.0,23783,32.424,22968.0,56.8883989440399,34663.0,22106.0,5.683333333333334
251,2018,7,Horta-Guinardó,33,el Baix Guinardó,7.74771267276621,343.0,20689,31.242105263157896,19596.473684210527,49.3673350204399,25793.0,16411.0,5.933333333333334
252,2018,7,Horta-Guinardó,34,Can Baró,8.95522388059702,89.0,19464,31.885714285714283,17827.428571428572,51.2990602542841,9071.0,5858.0,6.291666666666667
253,2018,7,Horta-Guinardó,35,el Guinardó,8.37935631308322,341.0,20207,32.251999999999995,18899.4,49.0518812743151,36890.0,23768.0,6.566666666666666
254,2018,7,Horta-Guinardó,36,la Font d'en Fargues,7.10498409331919,78.0,23431,31.357142857142858,23197.85714285714,30.8589607635207,9446.0,5801.0,8.258333333333333
255,2018,7,Horta-Guinardó,37,el Carmel,7.94025900368655,300.0,15032,29.19090909090909,13314.727272727272,47.7360809150203,31832.0,20223.0,8.075000000000001
256,2018,7,Horta-Guinardó,38,la Teixonera,7.06652878317821,87.0,16716,30.0,14850.125,47.052740434333,11650.0,7614.0,6.591666666666666
257,2018,7,Horta-Guinardó,39,Sant Genís dels Agudells,7.83475783475784,110.0,17461,30.160000000000004,16191.6,67.0940170940171,7011.0,4338.0,7.0
258,2018,7,Horta-Guinardó,40,Montbau,6.49478449124188,138.0,18331,27.975,17563.5,59.4371186774257,5099.0,3018.0,7.283333333333334
259,2018,7,Horta-Guinardó,41,la Vall d'Hebron,9.94417306350314,55.0,22049,26.925,20614.0,36.6364270760642,5737.0,3499.0,6.683333333333334
260,2018,7,Horta-Guinardó,42,la Clota,18.4615384615385,0.0,19759,29.8,17505.0,52.3076923076923,657.0,464.0,3.533333333333333
261,2018,7,Horta-Guinardó,43,Horta,7.3565106986818,307.0,19354,29.97619047619047,18508.85714285714,56.2380970163188,26867.0,16500.0,8.333333333333334
262,2018,8,Nou Barris,44,Vilapicina i la Torre Llobeta,6.91163262915381,279.0,18588,30.36315789473684,17254.21052631579,46.8585262993479,25675.0,15978.0,7.941666666666666
263,2018,8,Nou Barris,45,Porta,7.61770133898771,263.0,16800,29.866666666666667,15194.111111111111,71.465033180194,25568.0,15816.0,7.733333333333333
264,2018,8,Nou Barris,46,el Turó de la Peira,9.58692574958178,185.0,13966,30.68,12692.7,55.2695920730923,15575.0,9892.0,8.066666666666666
265,2018,8,Nou Barris,47,Can Peguera,7.93650793650794,28.0,12880,31.6,11221.0,24.2504409171076,2270.0,1408.0,7.916666666666667
266,2018,8,Nou Barris,48,la Guineueta,5.30417130508807,162.0,18607,26.154545454545453,17104.81818181818,31.3666426560147,15293.0,8874.0,10.325
267,2018,8,Nou Barris,49,Canyelles,4.65183893007705,77.0,17218,25.04,16067.4,24.7128943160343,6885.0,4192.0,10.641666666666667
268,2018,8,Nou Barris,50,les Roquetes,10.3112468970785,116.0,12937,31.02,11185.9,64.3498185984342,15764.0,10354.0,9.35
269,2018,8,Nou Barris,51,Verdun,8.62207896857373,128.0,13823,30.575,12233.875,57.9371474617244,12445.0,7921.0,9.375
270,2018,8,Nou Barris,52,la Prosperitat,6.71571401622335,262.0,15324,29.305,13726.35,47.8777589134126,26572.0,16301.0,8.408333333333333
271,2018,8,Nou Barris,53,la Trinitat Nova,9.2567383610128,96.0,12018,30.3,10314.4,74.1900353934114,7365.0,4871.0,12.983333333333334
272,2018,8,Nou Barris,54,Torre Baró,9.72222222222222,22.0,11384,30.9,9676.0,36.8055555555556,2893.0,1965.0,8.875
273,2018,8,Nou Barris,55,Ciutat Meridiana,9.54721618300406,54.0,10610,31.566666666666663,9143.666666666666,72.3130730692882,10622.0,6921.0,13.15
274,2018,8,Nou Barris,56,Vallbona,4.99643112062812,23.0,11494,31.4,10553.0,44.9678800856531,1400.0,877.0,12.075
275,2018,9,Sant Andreu,57,la Trinitat Vella,12.4862651083808,58.0,11948,31.8,10749.0,72.5202277494756,10071.0,6687.0,12.641666666666666
276,2018,9,Sant Andreu,58,Baró de Viver,7.89889415481832,17.0,12093,29.65,10248.5,44.6287519747235,2535.0,1675.0,6.966666666666666
277,2018,9,Sant Andreu,59,el Bon Pastor,10.3149606299213,113.0,15032,29.542857142857144,13764.0,61.259842519685,12740.0,8151.0,8.125
278,2018,9,Sant Andreu,60,Sant Andreu,8.07979009921635,444.0,20670,28.012820512820515,19263.48717948718,33.48334520686,57662.0,36671.0,7.308333333333334
279,2018,9,Sant Andreu,61,la Sagrera,6.19756890943332,254.0,19090,29.145,17758.75,46.738572162301,29290.0,18483.0,6.675
280,2018,9,Sant Andreu,62,el Congrés i els Indians,6.56779661016949,172.0,19343,30.366666666666667,17627.444444444445,53.5310734463277,14196.0,9078.0,6.6000000000000005
281,2018,9,Sant Andreu,63,Navas,6.16137362388438,194.0,19605,30.053846153846152,18283.846153846152,46.0743895256648,22159.0,14065.0,6.591666666666666
282,2018,10,Sant Martí,64,el Camp de l'Arpa del Clot,7.91072925398156,394.0,20347,31.56,18997.68,61.8189438390612,38327.0,25043.0,7.116666666666667
283,2018,10,Sant Martí,65,el Clot,7.00908585203041,202.0,19960,30.28235294117647,18642.117647058825,49.9165585017615,27050.0,18027.0,6.741666666666667
284,2018,10,Sant Martí,66,el Parc i la Llacuna del Poblenou,9.17792054543071,101.0,20282,32.12222222222223,20137.333333333332,63.4587649141209,15425.0,10425.0,5.666666666666667
285,2018,10,Sant Martí,67,la Vila Olímpica del Poblenou,7.12358337830545,36.0,30716,33.04,30514.4,45.8715596330275,9312.0,6470.0,6.041666666666667
286,2018,10,Sant Martí,68,el Poblenou,8.48008509632431,283.0,21158,32.075,19976.4,49.2849544971044,33986.0,22694.0,5.925
287,2018,10,Sant Martí,69,Diagonal Mar i el Front Marítim del Poblenou,11.7135700604096,83.0,23908,32.51428571428571,23289.428571428572,46.3385884779726,13644.0,8864.0,7.033333333333334
288,2018,10,Sant Martí,70,el Besòs i el Maresme,10.4740904079383,190.0,12694,30.553846153846152,11849.307692307691,95.242133830888,23721.0,15685.0,9.125
289,2018,10,Sant Martí,71,Provençals del Poblenou,9.9347423784942,137.0,19459,29.791666666666668,17352.75,49.138014999513,20628.0,13932.0,6.941666666666666
290,2018,10,Sant Martí,72,Sant Martí de Provençals,5.95810109552181,239.0,17956,27.705555555555556,16555.61111111111,41.6682683067461,26092.0,16071.0,8.433333333333334
291,2018,10,Sant Martí,73,la Verneda i la Pau,6.57368439358631,289.0,16128,27.676190476190477,14893.0,39.9638273451358,28814.0,17461.0,8.791666666666666
292,2019,1,Ciutat Vella,1,el Raval,9.1,243.0,12142,34.89047619047619,11778.52380952381,125.9,48210.0,36405.0,8.466666666666667
293,2019,1,Ciutat Vella,2,el Barri Gòtic,6.7,126.0,16732,39.644444444444446,16390.333333333332,253.6,19180.0,15462.0,5.55
294,2019,1,Ciutat Vella,3,la Barceloneta,5.7,140.0,16322,33.36363636363637,15094.272727272728,130.4,15173.0,11337.0,8.316666666666666
295,2019,1,Ciutat Vella,4,"Sant Pere, Santa Caterina i la Ribera",6.3,134.0,18075,37.5,17332.076923076922,132.8,23170.0,17710.0,7.366666666666667
296,2019,2,Eixample,5,el Fort Pienc,6.3,312.0,23137,32.815,21988.95,95.1,32738.0,21844.0,5.341666666666666
297,2019,2,Eixample,6,la Sagrada Família,7.0,519.0,22753,33.46470588235294,21533.08823529412,79.8,51917.0,34705.0,5.491666666666667
298,2019,2,Eixample,7,la Dreta de l'Eixample,7.7,433.0,30341,37.53448275862069,30201.655172413793,86.6,44189.0,29350.0,4.241666666666666
299,2019,2,Eixample,8,l'Antiga Esquerra de l'Eixample,7.2,427.0,27634,36.45,27051.153846153848,94.3,43039.0,29117.0,4.75
300,2019,2,Eixample,9,la Nova Esquerra de l'Eixample,7.4,467.0,25378,33.8925,24607.675,74.9,58668.0,38455.0,5.383333333333333
301,2019,2,Eixample,10,Sant Antoni,7.6,342.0,22851,33.800000000000004,21295.625,77.6,38622.0,25754.0,5.858333333333333
302,2019,3,Sants-Montjuïc,11,el Poble Sec,7.3,309.0,16160,33.30416666666667,15334.666666666666,88.7,40440.0,28836.0,7.183333333333334
303,2019,3,Sants-Montjuïc,12,la Marina del Prat Vermell,10.9,18.0,12528,29.2,11988.0,49.3,1199.0,816.0,11.758333333333333
304,2019,3,Sants-Montjuïc,13,la Marina de Port,8.0,244.0,16999,28.623529411764707,15332.529411764706,56.9,31087.0,20506.0,7.783333333333334
305,2019,3,Sants-Montjuïc,14,la Font de la Guatlla,6.7,103.0,20302,31.657142857142855,19289.285714285714,75.9,10373.0,6897.0,7.583333333333333
306,2019,3,Sants-Montjuïc,15,Hostafrancs,7.5,113.0,19678,33.07,18579.0,84.7,16155.0,11132.0,6.133333333333333
307,2019,3,Sants-Montjuïc,16,la Bordeta,8.1,170.0,19998,29.338461538461537,18703.92307692308,55.8,19443.0,12688.0,6.316666666666666
308,2019,3,Sants-Montjuïc,17,Sants - Badal,8.6,202.0,19724,31.55,17918.25,82.6,24474.0,16163.0,5.2250000000000005
309,2019,3,Sants-Montjuïc,18,Sants,8.7,355.0,21686,32.1551724137931,20532.0,101.2,42310.0,28367.0,5.716666666666666
310,2019,4,Les Corts,19,les Corts,7.4,421.0,28898,33.605714285714285,28655.428571428572,56.1,46599.0,28471.0,5.783333333333334
311,2019,4,Les Corts,20,la Maternitat i Sant Ramon,6.6,251.0,26416,31.76,25425.2,66.5,23992.0,14547.0,5.758333333333333
312,2019,4,Les Corts,21,Pedralbes,6.0,88.0,39025,40.44285714285714,41666.71428571428,61.1,12000.0,7025.0,2.875
313,2019,5,Sarrià-Sant Gervasi,22,"Vallvidrera, el Tibidabo i les Planes",8.7,23.0,29429,39.26666666666667,30409.666666666668,36.8,4727.0,3121.0,2.8666666666666667
314,2019,5,Sarrià-Sant Gervasi,23,Sarrià,7.6,252.0,35993,39.475,37919.8125,50.7,25137.0,14983.0,3.0
315,2019,5,Sarrià-Sant Gervasi,24,les Tres Torres,8.2,132.0,42055,41.16363636363637,44188.90909090909,41.4,16695.0,10066.0,3.4416666666666664
316,2019,5,Sarrià-Sant Gervasi,25,Sant Gervasi - la Bonanova,7.4,254.0,36874,38.95555555555555,38214.77777777778,58.0,26108.0,15861.0,3.533333333333333
317,2019,5,Sarrià-Sant Gervasi,26,Sant Gervasi - Galvany,8.6,447.0,37290,40.332258064516125,39419.32258064516,49.0,47993.0,29773.0,3.5
318,2019,5,Sarrià-Sant Gervasi,27,el Putxet i el Farró,8.7,224.0,30800,35.23157894736842,29500.842105263157,58.9,29786.0,19029.0,4.8
319,2019,6,Gràcia,28,Vallcarca i els Penitents,6.8,123.0,26010,34.09090909090909,25468.090909090908,53.5,16109.0,9998.0,5.925
320,2019,6,Gràcia,29,el Coll,6.6,39.0,21252,33.68,19587.0,61.3,7518.0,4950.0,4.983333333333333
321,2019,6,Gràcia,30,la Salut,7.2,155.0,24786,32.730000000000004,24441.0,50.6,13431.0,8292.0,6.141666666666667
322,2019,6,Gràcia,31,la Vila de Gràcia,9.1,393.0,23749,33.849999999999994,22723.194444444445,78.5,50803.0,34941.0,5.425
323,2019,6,Gràcia,32,el Camp d'en Grassot i Gràcia Nova,7.7,289.0,25292,31.408,24012.12,63.1,35199.0,22614.0,5.516666666666667
324,2019,7,Horta-Guinardó,33,el Baix Guinardó,6.8,278.0,21811,30.92105263157895,20589.052631578947,54.5,25990.0,16570.0,5.808333333333334
325,2019,7,Horta-Guinardó,34,Can Baró,8.7,83.0,20248,31.485714285714284,18668.571428571428,55.9,9247.0,6031.0,6.058333333333334
326,2019,7,Horta-Guinardó,35,el Guinardó,7.8,331.0,21229,31.804,19672.4,54.6,37216.0,24108.0,6.125
327,2019,7,Horta-Guinardó,36,la Font d'en Fargues,6.2,86.0,24807,31.557142857142857,24175.571428571428,33.5,9506.0,5794.0,7.908333333333334
328,2019,7,Horta-Guinardó,37,el Carmel,6.7,279.0,15582,28.936363636363637,13893.772727272728,55.5,32175.0,20567.0,7.616666666666667
329,2019,7,Horta-Guinardó,38,la Teixonera,6.1,110.0,17118,29.5375,15303.125,60.3,11789.0,7751.0,6.3
330,2019,7,Horta-Guinardó,39,Sant Genís dels Agudells,8.8,71.0,17351,29.5,16368.6,62.0,7246.0,4555.0,6.541666666666667
331,2019,7,Horta-Guinardó,40,Montbau,8.4,106.0,19170,29.025,18287.75,65.6,5126.0,3125.0,6.908333333333334
332,2019,7,Horta-Guinardó,41,la Vall d'Hebron,7.4,64.0,22778,26.6,21226.5,39.5,5803.0,3500.0,6.566666666666666
333,2019,7,Horta-Guinardó,42,la Clota,14.6,6.0,19442,29.7,17457.0,49.8,686.0,479.0,3.3499999999999996
334,2019,7,Horta-Guinardó,43,Horta,7.3,262.0,19947,29.59047619047619,19099.14285714286,67.2,27482.0,17002.0,7.716666666666666
335,2019,8,Nou Barris,44,Vilapicina i la Torre Llobeta,6.1,235.0,19414,30.18947368421053,17959.526315789473,52.7,25895.0,16192.0,7.541666666666667
336,2019,8,Nou Barris,45,Porta,7.7,277.0,16964,29.47222222222222,15702.666666666666,87.8,26557.0,16782.0,7.108333333333333
337,2019,8,Nou Barris,46,el Turó de la Peira,10.1,162.0,14545,30.55,13154.6,70.3,15783.0,10172.0,7.475
338,2019,8,Nou Barris,47,Can Peguera,4.8,30.0,12738,30.3,11609.0,22.7,2289.0,1406.0,7.566666666666666
339,2019,8,Nou Barris,48,la Guineueta,6.8,167.0,18932,25.60909090909091,17648.727272727272,35.1,15398.0,8971.0,9.725
340,2019,8,Nou Barris,49,Canyelles,5.2,82.0,17878,24.380000000000003,16819.2,25.6,6884.0,4135.0,10.308333333333334
341,2019,8,Nou Barris,50,les Roquetes,9.0,112.0,13014,30.04,11673.6,65.9,16229.0,10739.0,8.583333333333334
342,2019,8,Nou Barris,51,Verdun,7.7,105.0,14267,29.825,12623.125,61.8,12578.0,8117.0,8.716666666666667
343,2019,8,Nou Barris,52,la Prosperitat,7.1,247.0,15799,28.72,14375.65,51.6,26855.0,16606.0,8.083333333333334
344,2019,8,Nou Barris,53,la Trinitat Nova,8.2,82.0,12205,29.46,10941.4,65.3,7620.0,5082.0,12.125
345,2019,8,Nou Barris,54,Torre Baró,10.0,17.0,11455,30.55,10289.0,53.2,2931.0,1996.0,8.533333333333333
346,2019,8,Nou Barris,55,Ciutat Meridiana,13.4,48.0,10739,31.416666666666668,9556.333333333334,71.7,10864.0,7070.0,12.55
347,2019,8,Nou Barris,56,Vallbona,8.5,25.0,11660,30.1,10844.0,58.4,1407.0,893.0,11.558333333333332
348,2019,9,Sant Andreu,57,la Trinitat Vella,11.3,51.0,11994,31.24,11180.4,69.8,10337.0,6917.0,11.908333333333331
349,2019,9,Sant Andreu,58,Baró de Viver,8.5,25.0,12022,29.700000000000003,10581.5,57.0,2604.0,1732.0,6.666666666666667
350,2019,9,Sant Andreu,59,el Bon Pastor,8.3,112.0,15351,28.571428571428573,14390.142857142857,77.9,13126.0,8481.0,7.733333333333333
351,2019,9,Sant Andreu,60,Sant Andreu,6.9,458.0,21547,27.835897435897433,19974.410256410258,38.7,57961.0,36844.0,7.216666666666666
352,2019,9,Sant Andreu,61,la Sagrera,7.6,252.0,19799,28.839999999999996,18411.0,50.3,29489.0,18519.0,6.4750000000000005
353,2019,9,Sant Andreu,62,el Congrés i els Indians,8.0,138.0,20089,30.022222222222226,18420.555555555555,52.8,14557.0,9449.0,6.166666666666667
354,2019,9,Sant Andreu,63,Navas,8.3,198.0,20375,30.23846153846154,18949.30769230769,51.8,22279.0,14220.0,6.291666666666667
355,2019,10,Sant Martí,64,el Camp de l'Arpa del Clot,6.3,362.0,20927,31.208,19523.68,66.7,38912.0,25518.0,6.75
356,2019,10,Sant Martí,65,el Clot,6.7,202.0,20483,29.858823529411765,19270.470588235297,53.7,27183.0,18066.0,6.55
357,2019,10,Sant Martí,66,el Parc i la Llacuna del Poblenou,8.0,116.0,21441,31.4,20808.222222222223,67.0,15713.0,10558.0,5.425
358,2019,10,Sant Martí,67,la Vila Olímpica del Poblenou,6.6,36.0,32436,33.82,31853.2,47.5,9348.0,6474.0,5.908333333333334
359,2019,10,Sant Martí,68,el Poblenou,8.2,243.0,22751,31.915,21094.05,57.7,34170.0,22944.0,5.741666666666667
360,2019,10,Sant Martí,69,Diagonal Mar i el Front Marítim del Poblenou,12.1,62.0,25589,32.0,24135.285714285714,52.9,13625.0,8858.0,6.8500000000000005
361,2019,10,Sant Martí,70,el Besòs i el Maresme,9.6,204.0,12787,30.27692307692308,12460.076923076924,110.5,24847.0,16577.0,8.35
362,2019,10,Sant Martí,71,Provençals del Poblenou,9.0,154.0,20080,29.816666666666663,18016.583333333332,51.9,21116.0,14217.0,6.5249999999999995
363,2019,10,Sant Martí,72,Sant Martí de Provençals,7.1,255.0,18637,27.65,17247.833333333332,45.7,26168.0,16219.0,7.933333333333334
364,2019,10,Sant Martí,73,la Verneda i la Pau,6.1,296.0,16820,27.133333333333333,15612.142857142857,43.3,28883.0,17577.0,8.258333333333335
